StartDate	EndDate	Status	IPAddress	Progress	Duration (in seconds)	Finished	RecordedDate	ResponseId	RecipientLastName	RecipientFirstName	RecipientEmail	ExternalReference	LocationLatitude	LocationLongitude	DistributionChannel	UserLanguage	Q1	Q2	Q3	Q3_4_TEXT	Q31	Q33	Q34	Q35	Q36	Q13_1	Q13_2	Q13_3	Q13_4	Q13_5	Q13_6	Q13_7	Q13_8	Q12
Start Date	End Date	Response Type	IP Address	Progress	Duration (in seconds)	Finished	Recorded Date	Response ID	Recipient Last Name	Recipient First Name	Recipient Email	External Data Reference	Location Latitude	Location Longitude	Distribution Channel	User Language	Full Name:	Email:	Job Title: - Selected Choice	Job Title: - Other - Text	Please pick the name of your top choice candidate to interview during the Matchmaking Event (review the list of registered applicants here):	Please pick the name of your 2nd choice candidate to interview during the Matchmaking Event (review the list of registered applicants here):	Please pick the name of your 3rd choice candidate to interview during the Matchmaking Event (review the list of registered applicants here):	Please pick the name of your 4th choice candidate to interview during the Matchmaking Event (review the list of registered applicants here):	Please pick the name of your 5th choice candidate to interview during the Matchmaking Event (review the list of registered applicants here):	"We will assume you are available for all interview slots. However, if you are not, you may indicate which slots you are or or not available for below. Interviews start at 9:45am (there is a welcome & info session from 9 - 9:30am). There is a 30 minute break from 10:45-11:15am. Please choose yes or no below. - 9:45 - 10"	"We will assume you are available for all interview slots. However, if you are not, you may indicate which slots you are or or not available for below. Interviews start at 9:45am (there is a welcome & info session from 9 - 9:30am). There is a 30 minute break from 10:45-11:15am. Please choose yes or no below. - 10-10:15"	"We will assume you are available for all interview slots. However, if you are not, you may indicate which slots you are or or not available for below. Interviews start at 9:45am (there is a welcome & info session from 9 - 9:30am). There is a 30 minute break from 10:45-11:15am. Please choose yes or no below. - 10:15-10:30"	"We will assume you are available for all interview slots. However, if you are not, you may indicate which slots you are or or not available for below. Interviews start at 9:45am (there is a welcome & info session from 9 - 9:30am). There is a 30 minute break from 10:45-11:15am. Please choose yes or no below. - 10:30-10:45"	"We will assume you are available for all interview slots. However, if you are not, you may indicate which slots you are or or not available for below. Interviews start at 9:45am (there is a welcome & info session from 9 - 9:30am). There is a 30 minute break from 10:45-11:15am. Please choose yes or no below. - 11:15-11:30"	"We will assume you are available for all interview slots. However, if you are not, you may indicate which slots you are or or not available for below. Interviews start at 9:45am (there is a welcome & info session from 9 - 9:30am). There is a 30 minute break from 10:45-11:15am. Please choose yes or no below. - 11:30-11:45"	"We will assume you are available for all interview slots. However, if you are not, you may indicate which slots you are or or not available for below. Interviews start at 9:45am (there is a welcome & info session from 9 - 9:30am). There is a 30 minute break from 10:45-11:15am. Please choose yes or no below. - 11:45-12pm"	"We will assume you are available for all interview slots. However, if you are not, you may indicate which slots you are or or not available for below. Interviews start at 9:45am (there is a welcome & info session from 9 - 9:30am). There is a 30 minute break from 10:45-11:15am. Please choose yes or no below. - 12-12:15"	Do you have any questions/ final thoughts that you would like to share with the matchmaking team?
12/19/23 16:45	12/19/23 17:01	IP Address	128.218.42.251	100	970	TRUE	12/19/23 17:01	R_6nVp6SaAfcVL9AE					37.7595	-122.4367	anonymous	EN	Emma Smith	Emma.Smith@u.edu	Assistant Professor		Natalia Adams	Mariana Barnes	Gabriel Green	Victoria Young		"No, I am NOT available at this time"	"No, I am NOT available at this time"	"No, I am NOT available at this time"	"No, I am NOT available at this time"	"No, I am NOT available at this time"	"Yes, I am available at this time"	"Yes, I am available at this time"	"Yes, I am available at this time"	
12/19/23 17:04	12/19/23 17:10	IP Address	128.218.42.128	100	399	TRUE	12/19/23 17:10	R_3u1QADN8ti5oqHv					37.7562	-122.4866	anonymous	EN	Liam Johnson	Liam.Johnson@u.edu	Associate Professor		Valeria Bell	Leonardo Foster	Camila Sanchez	Ximena Robinson										
12/19/23 16:31	12/19/23 19:59	IP Address	76.171.132.182	100	12459	TRUE	12/19/23 19:59	R_1kb9QmgmALbsZFM					34.0125	-118.4885	anonymous	EN	Olivia Williams	Olivia.Williams@u.edu	Associate Professor		Juan Stewart	Isabella Edwards	Emilio Myers	Gabriel Green								"No, I am NOT available at this time"	"No, I am NOT available at this time"	
12/19/23 21:14	12/19/23 21:17	IP Address	64.54.15.155	100	187	TRUE	12/19/23 21:17	R_5wc8vG4j0qeITwB					37.7506	-122.4121	anonymous	EN	Noah Jones	Noah.Jones@u.edu	Associate Professor		Leonardo Baker	Alejandro Turner				"Yes, I am available at this time"	"Yes, I am available at this time"	"Yes, I am available at this time"	"Yes, I am available at this time"	"Yes, I am available at this time"	"Yes, I am available at this time"	"Yes, I am available at this time"	"Yes, I am available at this time"	
12/19/23 23:12	12/19/23 23:15	IP Address	128.218.42.48	100	200	TRUE	12/19/23 23:15	R_1RxsiUxVmoZrPJC					37.7595	-122.4367	anonymous	EN	Ava Brown	Ava.Brown@u.edu	Assistant Professor		Cristian Carter	Vanessa Griffin	Mateo Flores	Emilio Walker	Zoe Kelly	"Yes, I am available at this time"	"Yes, I am available at this time"	"Yes, I am available at this time"	"Yes, I am available at this time"	"No, I am NOT available at this time"	"No, I am NOT available at this time"	"No, I am NOT available at this time"	"Yes, I am available at this time"	"I've participated twice, and made hires both years (though unfortunately after bringing my last person out, another UCSF PI scooped that person from my lab). Nevertheless, let's go 3 for 3!"
12/20/23 3:04	12/20/23 3:07	IP Address	128.218.42.7	100	181	TRUE	12/20/23 3:07	R_6qUrxhdzBZR2tiA					37.7562	-122.4866	anonymous	EN	Isabella Davis	Isabella.Davis@u.edu	Professor		Mariana Ward	Ana Lopez	Lucia Harris	Valeria Jenkins	Xavier Wright	"Yes, I am available at this time"	"Yes, I am available at this time"	"Yes, I am available at this time"	"Yes, I am available at this time"	"Yes, I am available at this time"	"Yes, I am available at this time"	"Yes, I am available at this time"	"Yes, I am available at this time"	Thank you for organizing this wonderful event! Licia
12/20/23 11:46	12/20/23 11:51	IP Address	128.218.42.66	100	344	TRUE	12/20/23 11:51	R_5hR4T1FWfkuX9Bj					37.7562	-122.4866	anonymous	EN	Sophia Miller	Sophia.Miller@u.edu	Assistant Professor		Valentina Scott	Sofia Rodriguez	Mateo Lopez	Gabriela Turner		"Yes, I am available at this time"	"Yes, I am available at this time"	"Yes, I am available at this time"	"Yes, I am available at this time"	"Yes, I am available at this time"	"Yes, I am available at this time"	"Yes, I am available at this time"	"Yes, I am available at this time"	
12/20/23 12:29	12/20/23 12:36	IP Address	73.92.220.14	100	416	TRUE	12/20/23 12:36	R_182wjBGoAwjIvG9					37.5281	-121.9732	anonymous	EN	Mia Wilson	Mia.Wilson@u.edu	Associate Professor		Diego Coleman	Adrian Ross	Mariana Hayes	Natalia Adams		"No, I am NOT available at this time"	"Yes, I am available at this time"	"Yes, I am available at this time"	"Yes, I am available at this time"	"Yes, I am available at this time"	"Yes, I am available at this time"	"Yes, I am available at this time"	"Yes, I am available at this time"	Thanks for your efforts!
12/20/23 13:28	12/20/23 13:39	IP Address	128.218.42.219	100	653	TRUE	12/20/23 13:39	R_7MSPWTMYHNWnwWU					37.7562	-122.4866	anonymous	EN	Charlotte Taylor	Charlotte.Taylor@u.edu	Associate Professor		Andres Richardson	Cristian Carter	Adrian Ross	Javier Baker	Vanessa Griffin	"Yes, I am available at this time"	"Yes, I am available at this time"	"Yes, I am available at this time"	"Yes, I am available at this time"	"Yes, I am available at this time"	"Yes, I am available at this time"	"Yes, I am available at this time"	"Yes, I am available at this time"	Thanks for organizing this and for the invitation to participate! 
12/20/23 15:37	12/20/23 15:50	IP Address	128.218.42.55	100	790	TRUE	12/20/23 15:50	R_61jMWaPHHAQm0oA					37.7595	-122.4367	anonymous	EN	Amelia Anderson	Amelia.Anderson@u.edu	Associate Professor		Santiago Reed	Eduardo Brooks				"Yes, I am available at this time"	"Yes, I am available at this time"	"Yes, I am available at this time"	"Yes, I am available at this time"	"Yes, I am available at this time"	"Yes, I am available at this time"	"Yes, I am available at this time"	"Yes, I am available at this time"	
12/21/23 9:55	12/21/23 11:58	IP Address	128.218.42.114	100	7428	TRUE	12/21/23 11:58	R_7zxVv2bsU15bc1X					37.7562	-122.4866	anonymous	EN	Harper Thomas	Harper.Thomas@u.edu	Assistant Professor		Zoe King	Luisa Carter	Ximena Peterson	Miguel Mitchell		"Yes, I am available at this time"	"No, I am NOT available at this time"	"No, I am NOT available at this time"	"Yes, I am available at this time"	"Yes, I am available at this time"	"Yes, I am available at this time"	"Yes, I am available at this time"	"Yes, I am available at this time"	
12/21/23 17:33	12/21/23 17:50	IP Address	71.198.230.81	100	1033	TRUE	12/21/23 17:50	R_7dyhiazsGjVap8Z					37.8994	-122.1144	anonymous	EN	Evelyn Jackson	Evelyn.Jackson@u.edu	Professor		Valeria Parker	Andres Russell	Mateo Morris	Juan Thompson		"Yes, I am available at this time"	"Yes, I am available at this time"	"Yes, I am available at this time"	"Yes, I am available at this time"	"Yes, I am available at this time"	"Yes, I am available at this time"	"Yes, I am available at this time"	"Yes, I am available at this time"	
12/22/23 11:52	12/22/23 11:55	IP Address	128.218.42.202	100	173	TRUE	12/22/23 11:55	R_7KloonCVFEC92vI					37.7595	-122.4367	anonymous	EN	Abigail White	Abigail.White@u.edu	Associate Professor		Alejandro Turner	Andres Hill	Juan Stewart	Xavier Rivera		"Yes, I am available at this time"	"Yes, I am available at this time"	"Yes, I am available at this time"	"Yes, I am available at this time"	"Yes, I am available at this time"	"Yes, I am available at this time"	"Yes, I am available at this time"	"Yes, I am available at this time"	
12/22/23 14:59	12/22/23 15:00	IP Address	128.218.42.202	100	90	TRUE	12/22/23 15:00	R_6EgONd74eyrgqsU					37.7562	-122.4866	anonymous	EN	Emily Harris	Emily.Harris@u.edu	Associate Professor		Carlos Gray	Andres Hill	Alejandro James	Valeria Bell										I submitted this form earlier and omitted one candidate by mistake. Please use this version with 4 requests.
12/23/23 11:53	12/23/23 12:11	IP Address	128.218.42.120	100	1084	TRUE	12/23/23 12:11	R_7SLbUjDfEgg5Ruh					37.7595	-122.4367	anonymous	EN	Elizabeth Martin	Elizabeth.Martin@u.edu	Associate Professor		Ximena Peterson	Vanessa Scott				"Yes, I am available at this time"	"Yes, I am available at this time"	"Yes, I am available at this time"	"Yes, I am available at this time"	"Yes, I am available at this time"	"Yes, I am available at this time"	"Yes, I am available at this time"	"Yes, I am available at this time"	
12/19/23 17:04	12/23/23 13:52	IP Address	128.218.42.96	100	334050	TRUE	12/23/23 13:52	R_3DuteQoEhj5fS3Y					37.7562	-122.4866	anonymous	EN	Mila Thompson	Mila.Thompson@u.edu	Associate Professor		Mariana Barnes	Juan Stewart	Gabriela Turner	Eduardo Brooks	Gabriel Murphy	"Yes, I am available at this time"	"Yes, I am available at this time"	"Yes, I am available at this time"	"Yes, I am available at this time"	"Yes, I am available at this time"	"Yes, I am available at this time"	"Yes, I am available at this time"	"Yes, I am available at this time"	
12/26/23 17:26	12/26/23 17:28	IP Address	128.218.42.55	100	119	TRUE	12/26/23 17:28	R_67PTcXL9SlqTj6z					37.7562	-122.4866	anonymous	EN	Ella Garcia	Ella.Garcia@u.edu	Professor		Zoe Kelly	Samuel Perry	Isabella Edwards			"Yes, I am available at this time"	"Yes, I am available at this time"	"Yes, I am available at this time"	"Yes, I am available at this time"	"Yes, I am available at this time"	"Yes, I am available at this time"	"Yes, I am available at this time"	"Yes, I am available at this time"	
12/27/23 17:18	12/27/23 17:28	IP Address	128.218.42.61	100	567	TRUE	12/27/23 17:28	R_3V26z6NwmHXHIgP					37.7562	-122.4866	anonymous	EN	Avery Martinez	Avery.Martinez@u.edu	Professor		Daniel Green	Isabella Rogers	Andres Hill	Victoria Young		"Yes, I am available at this time"	"Yes, I am available at this time"	"Yes, I am available at this time"	"Yes, I am available at this time"	"Yes, I am available at this time"	"Yes, I am available at this time"	"Yes, I am available at this time"	"Yes, I am available at this time"	"I am curious about applicants who are already working in UCSF labs. Are they looking to move on from their current positions? It would seem that if they want to stay, the matchmaking process would not be necessary."
12/20/23 1:37	1/1/24 17:27	IP Address	140.177.255.117	100	1093828	TRUE	1/1/24 17:27	R_7hXDhPNiFCWP9Zf					40.1343	-88.287	anonymous	EN	Sofia Robinson	Sofia.Robinson@u.edu	Other	Sandler faculty fellow	Camila Sanchez	Isabella Edwards	Juan Patterson											"If you need more names, these might fit well too:
Clarise Guadalupe Rivera
Ann Nguyen
Ariana Jaramillo
Javier Hernandez Lopez
Justin Amakor"
12/19/23 17:45	1/2/24 12:02	IP Address	135.180.117.34	100	1188986	TRUE	1/2/24 12:02	R_6UXGLvZbwMvYWyk					37.8637	-122.276	anonymous	EN	Camila Clark	Camila.Clark@u.edu	Assistant Professor		Valentina Simmons	Emilio Myers	Daniel Howard	Ximena Robinson	Valeria Jenkins	"Yes, I am available at this time"	"Yes, I am available at this time"	"Yes, I am available at this time"	"Yes, I am available at this time"	"Yes, I am available at this time"	"Yes, I am available at this time"	"Yes, I am available at this time"	"Yes, I am available at this time"	
1/2/24 14:35	1/2/24 14:43	IP Address	108.233.84.117	100	436	TRUE	1/2/24 14:43	R_3IMco3lGOC1BWgm					37.7771	-122.406	anonymous	EN	Aria Rodriguez	Aria.Rodriguez@u.edu	Assistant Professor		Daniel Howard	Ana Alexander	Luisa Carter	Juan Thompson	Natalia Henderson	"Yes, I am available at this time"	"Yes, I am available at this time"	"Yes, I am available at this time"	"Yes, I am available at this time"	"Yes, I am available at this time"	"Yes, I am available at this time"	"No, I am NOT available at this time"	"No, I am NOT available at this time"	"I tried to look to see if there were any folks from CSU East Bay or UC Riverside but didn't see any based on email addresses. If there are, would be interested in meeting with them, since that's where we're collecting data. Otherwise, I tried to filter based on people who were interested in health disparities, epidemiology and biostatistics, and had more public health-y majors, and prioritized those who seemed to be interested in social determinants of health, but if there are any great candidates who you think might be a good fit for 3e.ucsf.edu please feel free to add. "
1/2/24 15:00	1/2/24 15:03	IP Address	128.218.42.211	100	182	TRUE	1/2/24 15:04	R_6651TP0qDiuZRnr					37.7595	-122.4367	anonymous	EN	Scarlett Lewis	Scarlett.Lewis@u.edu	Assistant Professor		Alejandro James	Daniel Diaz	Natalia Henderson	Isabella Edwards		"Yes, I am available at this time"	"Yes, I am available at this time"	"Yes, I am available at this time"	"Yes, I am available at this time"	"Yes, I am available at this time"	"Yes, I am available at this time"	"Yes, I am available at this time"	"Yes, I am available at this time"	
1/2/24 14:48	1/2/24 15:53	IP Address	128.218.42.141	100	3849	TRUE	1/2/24 15:53	R_5HMeqYTDtcheuWt					37.7595	-122.4367	anonymous	EN	Victoria Lee	Victoria.Lee@u.edu	Assistant Professor		Alejandro Wilson	Juan Stewart				"No, I am NOT available at this time"	"Yes, I am available at this time"	"Yes, I am available at this time"	"Yes, I am available at this time"	"Yes, I am available at this time"	"Yes, I am available at this time"	"Yes, I am available at this time"	"No, I am NOT available at this time"	
1/2/24 16:35	1/2/24 16:48	IP Address	64.54.15.152	100	779	TRUE	1/2/24 16:48	R_1krHsntEXFIk6f7					37.7506	-122.4121	anonymous	EN	Madison Walker	Madison.Walker@u.edu	Professor		Valentina Scott	Ana Cooper	Gabriela Turner	Carlos Gray	Luna Ramirez	"Yes, I am available at this time"	"Yes, I am available at this time"	"Yes, I am available at this time"	"Yes, I am available at this time"	"Yes, I am available at this time"	"Yes, I am available at this time"	"No, I am NOT available at this time"	"No, I am NOT available at this time"	
1/2/24 16:51	1/2/24 16:54	IP Address	128.218.42.24	100	150	TRUE	1/2/24 16:54	R_6pSRrdSdDqRRMUP					37.7562	-122.4866	anonymous	EN	Luna Hall	Luna.Hall@u.edu	Professor		Lucia Harris	Isabella Washington	Luna Ramirez	Ximena Robinson	Santiago Martinez									
1/2/24 16:57	1/2/24 17:25	IP Address	128.218.42.86	100	1672	TRUE	1/2/24 17:25	R_7BGsJtctsFmSA3D					37.7595	-122.4367	anonymous	EN	Grace Allen	Grace.Allen@u.edu	Assistant Professor		Mariana Hayes	Luisa Carter	Mateo Lopez	Valentina Scott		"Yes, I am available at this time"	"Yes, I am available at this time"	"Yes, I am available at this time"	"Yes, I am available at this time"	"Yes, I am available at this time"	"Yes, I am available at this time"	"Yes, I am available at this time"	"Yes, I am available at this time"	
1/2/24 18:05	1/2/24 18:19	IP Address	128.218.42.191	100	845	TRUE	1/2/24 18:19	R_5RlNpUIB99LCADv					37.7595	-122.4367	anonymous	EN	Chloe Young	Chloe.Young@u.edu	Professor		Eduardo Hernandez	Andres Hill	Gabriel Green	Gabriela Gonzales		"Yes, I am available at this time"	"Yes, I am available at this time"	"Yes, I am available at this time"	"Yes, I am available at this time"	"Yes, I am available at this time"	"Yes, I am available at this time"	"Yes, I am available at this time"	"Yes, I am available at this time"	There are too many potential applicants with interest in my field for me to pick a top 5.  Please feel free to match me with anyone with an interest in infectious diseases/viral pathogenesis/immunology.  My specific interests are in the inflammatory consequences of HIV and CMV.
1/2/24 18:01	1/2/24 18:22	IP Address	128.218.42.6	100	1211	TRUE	1/2/24 18:22	R_1IK7JvTDZHhcbdv					37.7595	-122.4367	anonymous	EN	Penelope Hernandez	Penelope.Hernandez@u.edu	Associate Professor		Andres Richardson	Luna Hall	Daniel Howard			"Yes, I am available at this time"	"Yes, I am available at this time"	"Yes, I am available at this time"	"Yes, I am available at this time"	"Yes, I am available at this time"	"No, I am NOT available at this time"	"No, I am NOT available at this time"	"No, I am NOT available at this time"	There's no social science category!
1/2/24 19:53	1/2/24 19:54	IP Address	128.218.42.196	100	113	TRUE	1/2/24 19:54	R_64Upldt20jdOkKJ					37.7595	-122.4367	anonymous	EN	Layla King	Layla.King@u.edu	Professor		Santiago Martinez	Zoe Kelly	Luna Graham	Isabella Edwards		"Yes, I am available at this time"	"Yes, I am available at this time"	"Yes, I am available at this time"	"Yes, I am available at this time"	"Yes, I am available at this time"	"Yes, I am available at this time"	"Yes, I am available at this time"	"Yes, I am available at this time"	You are the best!
1/2/24 20:10	1/3/24 11:41	IP Address	108.233.249.137	100	55884	TRUE	1/3/24 11:41	R_3qsNeE4UA2stFJG					37.8938	-122.5303	anonymous	EN	Riley Wright	Riley.Wright@u.edu	Professor		Luna Graham	Vanessa Cox	Adrian Ross	Isabella Powell		"Yes, I am available at this time"	"Yes, I am available at this time"	"Yes, I am available at this time"	"Yes, I am available at this time"	"Yes, I am available at this time"	"Yes, I am available at this time"	"Yes, I am available at this time"	"Yes, I am available at this time"	
1/3/24 13:24	1/3/24 13:45	IP Address	128.218.42.126	100	1276	TRUE	1/3/24 13:45	R_3Ucy2deWLZZgo6Z					37.7595	-122.4367	anonymous	EN	Zoey Lopez	Zoey.Lopez@u.edu	Associate Professor		Leonardo Foster	Victoria Young	Santiago Reed	Mariana Hayes		"Yes, I am available at this time"	"Yes, I am available at this time"	"Yes, I am available at this time"	"Yes, I am available at this time"	"Yes, I am available at this time"	"Yes, I am available at this time"	"Yes, I am available at this time"	"Yes, I am available at this time"	
12/21/23 0:35	1/3/24 14:58	IP Address	135.180.38.225	100	1174967	TRUE	1/3/24 14:58	R_1MiicR6OqJtaMJ4					37.7506	-122.4121	anonymous	EN	Nora Hill	Nora.Hill@u.edu	Assistant Professor		Alejandro Turner	Valentina Scott	Emilio Walker	Leonardo Foster	Victoria Watson	"No, I am NOT available at this time"	"No, I am NOT available at this time"					"No, I am NOT available at this time"	"No, I am NOT available at this time"	
1/2/24 10:16	1/3/24 15:20	IP Address	45.17.138.216	100	104653	TRUE	1/3/24 15:20	R_61jwuNIptMZ8qAd					37.7562	-122.4866	anonymous	EN	Lily Scott	Lily.Scott@u.edu	Associate Professor		Lucia Long	Samuel Evans	Lucia Collins			"No, I am NOT available at this time"	"Yes, I am available at this time"	"Yes, I am available at this time"	"Yes, I am available at this time"	"Yes, I am available at this time"	"Yes, I am available at this time"	"Yes, I am available at this time"	"Yes, I am available at this time"	"I would like to be matched with someone who is familiar with TMS and neuroimaging (fMRI, MEG or EEG) who has Matlab expertise, and ideally would be interested in working with patients suffering from schizophrenia, depression or elderly patients with cognitive decline. "
12/19/23 18:09	1/3/24 16:52	IP Address	64.54.15.152	100	1291363	TRUE	1/3/24 16:52	R_6kSCZPK4SR1beQp					37.7506	-122.4121	anonymous	EN	Eleanor Green	Eleanor.Green@u.edu	Assistant Professor		Natalia Henderson	Gabriela Gonzales	Luisa Carter	Valeria Lewis	Valentina Simmons									
1/3/24 18:10	1/3/24 18:36	IP Address	128.218.42.26	100	1512	TRUE	1/3/24 18:36	R_72WQWwXmyxosUGD					37.7595	-122.4367	anonymous	EN	Hannah Adams	Hannah.Adams@u.edu	Professor		Luisa Carter	Mariana Perez	Natalia Adams			"Yes, I am available at this time"	"Yes, I am available at this time"	"Yes, I am available at this time"	"Yes, I am available at this time"	"Yes, I am available at this time"	"Yes, I am available at this time"	"Yes, I am available at this time"	"Yes, I am available at this time"	N/A
1/2/24 12:05	1/5/24 14:05	IP Address	152.131.10.128	100	266433	TRUE	1/5/24 14:05	R_7m36sLPob1iY9II					37.4333	-122.1878	anonymous	EN	Lillian Baker	Lillian.Baker@u.edu	Other	Staff Psychologist NCPTSD/Clinical Professor (Affiliate) Stanford University	Sofia Rodriguez	Valeria Jenkins	Santiago Butler			"Yes, I am available at this time"	"Yes, I am available at this time"	"Yes, I am available at this time"	"Yes, I am available at this time"	"Yes, I am available at this time"	"Yes, I am available at this time"	"Yes, I am available at this time"	"Yes, I am available at this time"	
1/5/24 14:25	1/5/24 14:49	IP Address	128.218.42.118	100	1445	TRUE	1/5/24 14:49	R_1EjhaP9tF7lrfPb					37.7595	-122.4367	anonymous	EN	Addison Gonzalez	Addison.Gonzalez@u.edu	Associate Professor		Valentina Adams	Catalina Bailey	Mariana Hayes	Vanessa Griffin										
1/8/24 10:21	1/8/24 10:23	IP Address	128.218.42.163	100	141	TRUE	1/8/24 10:23	R_3EthEk6YHhoZ4sj					37.7562	-122.4866	anonymous	EN	Aubrey Nelson	Aubrey.Nelson@u.edu	Associate Professor		Gabriela Phillips	Camila Sanchez	Carlos Gray	Isabella Washington	Gabriela Turner	"Yes, I am available at this time"	"Yes, I am available at this time"	"Yes, I am available at this time"	"Yes, I am available at this time"	"Yes, I am available at this time"	"Yes, I am available at this time"	"Yes, I am available at this time"		
1/2/24 17:45	1/8/24 12:58	IP Address	128.218.42.141	100	501151	TRUE	1/8/24 12:58	R_18YEn7hx9MtrXtm					37.7595	-122.4367	anonymous	EN	Ellie Carter	Ellie.Carter@u.edu	Assistant Professor		Juan Stewart	Emilio Walker	Valeria Jenkins	Victoria Watson		"No, I am NOT available at this time"	"No, I am NOT available at this time"	"No, I am NOT available at this time"	"No, I am NOT available at this time"	"No, I am NOT available at this time"	"No, I am NOT available at this time"	"No, I am NOT available at this time"	"No, I am NOT available at this time"	
1/4/24 10:22	1/8/24 13:44	IP Address	128.218.42.135	100	357755	TRUE	1/8/24 13:44	R_3sbPHxXZRFn6IUj					37.7595	-122.4367	anonymous	EN	Stella Mitchell	Stella.Mitchell@u.edu	Professor		Xavier Wright	Santiago Butler	Lucia Long	Sebastian Phillips										
1/8/24 14:30	1/8/24 14:55	IP Address	128.218.42.130	100	1483	TRUE	1/8/24 14:55	R_5pLjcVXKnaJmQ5h					37.7595	-122.4367	anonymous	EN	Natalie Perez	Natalie.Perez@u.edu	Associate Professor		Xavier Bryant	Samuel Evans				"Yes, I am available at this time"	"Yes, I am available at this time"	"Yes, I am available at this time"	"Yes, I am available at this time"	"Yes, I am available at this time"	"Yes, I am available at this time"	"Yes, I am available at this time"	"Yes, I am available at this time"	
1/8/24 14:53	1/8/24 16:49	IP Address	128.218.42.183	100	6983	TRUE	1/8/24 16:49	R_6GDaDICOAyGkPcd					37.7595	-122.4367	anonymous	EN	Zoe Roberts	Zoe.Roberts@u.edu	Professor		Gabriel Green	Andres Russell	Javier Sanders	Juan Thompson		"Yes, I am available at this time"	"Yes, I am available at this time"	"Yes, I am available at this time"	"Yes, I am available at this time"	"Yes, I am available at this time"	"Yes, I am available at this time"	"Yes, I am available at this time"	"Yes, I am available at this time"	
1/2/24 18:12	1/9/24 15:44	IP Address	152.131.6.136	100	595925	TRUE	1/9/24 15:44	R_1SHwTOq3wbYiGqV					37.751	-97.822	anonymous	EN	Leah Turner	Leah.Turner@u.edu	Professor		Valentina Cook	Santiago Butler	Leonardo Baker	Leonardo Morgan	Samuel Perry	"Yes, I am available at this time"	"Yes, I am available at this time"	"Yes, I am available at this time"	"Yes, I am available at this time"	"Yes, I am available at this time"	"Yes, I am available at this time"	"Yes, I am available at this time"		
1/9/24 15:58	1/9/24 17:01	IP Address	128.218.42.117	100	3775	TRUE	1/9/24 17:01	R_6LhxxgrZb0jug4N					37.7562	-122.4866	anonymous	EN	Hazel Phillips	Hazel.Phillips@u.edu	Assistant Professor		Mateo Morris	Juan Stewart	Alejandro Wilson			"Yes, I am available at this time"	"Yes, I am available at this time"	"Yes, I am available at this time"	"Yes, I am available at this time"	"Yes, I am available at this time"	"Yes, I am available at this time"	"Yes, I am available at this time"	"Yes, I am available at this time"	
1/9/24 12:34	1/9/24 22:09	IP Address	67.169.159.155	100	34503	TRUE	1/9/24 22:09	R_5n90dvt67ghKlV4					37.8487	-122.2209	anonymous	EN	Violet Campbell	Violet.Campbell@u.edu	Professor		Eduardo Hernandez	Gabriel Murphy				"No, I am NOT available at this time"	"Yes, I am available at this time"	"Yes, I am available at this time"	"Yes, I am available at this time"	"Yes, I am available at this time"	"Yes, I am available at this time"	"Yes, I am available at this time"	"Yes, I am available at this time"	I have a hard time ranking my top five candidates in any particular order. There are a number of additional students who might also be a good match. 
1/5/24 0:13	1/10/24 0:41	IP Address	128.218.42.116	100	433638	TRUE	1/10/24 0:41	R_7ur0PAOMHbIqb35					37.7562	-122.4866	anonymous	EN	Aurora Parker	Aurora.Parker@u.edu	Professor		Santiago Reed	Mariana Perez				"Yes, I am available at this time"	"Yes, I am available at this time"	"Yes, I am available at this time"	"Yes, I am available at this time"	"Yes, I am available at this time"	"No, I am NOT available at this time"	"No, I am NOT available at this time"	"No, I am NOT available at this time"	
1/10/24 10:54	1/10/24 10:56	IP Address	128.218.42.9	100	149	TRUE	1/10/24 10:56	R_6aHZfhS5QnHZnvX					37.7595	-122.4367	anonymous	EN	Savannah Evans	Savannah.Evans@u.edu	Assistant Professor		Cristian Wood	Luna Ramirez	Mariana Mitchell	Alejandro Sullivan	Gabriela Turner	"Yes, I am available at this time"	"No, I am NOT available at this time"	"No, I am NOT available at this time"	"No, I am NOT available at this time"	"No, I am NOT available at this time"	"Yes, I am available at this time"	"Yes, I am available at this time"	"Yes, I am available at this time"	
1/2/24 17:43	1/10/24 12:28	IP Address	128.218.42.56	100	672327	TRUE	1/10/24 12:28	R_3DS7ZcofwxPfqw4					37.7595	-122.4367	anonymous	EN	Audrey Edwards	Audrey.Edwards@u.edu	Associate Professor		Carmen Bennett	Lucia Long	Cristian Wood	Mateo Morris		"No, I am NOT available at this time"	"Yes, I am available at this time"	"Yes, I am available at this time"	"Yes, I am available at this time"	"No, I am NOT available at this time"	"No, I am NOT available at this time"	"Yes, I am available at this time"	"No, I am NOT available at this time"	
1/10/24 15:55	1/10/24 17:15	IP Address	128.218.42.185	100	4795	TRUE	1/10/24 17:15	R_7XhoUDR2mKD0VPj					37.7595	-122.4367	anonymous	EN	Brooklyn Collins	Brooklyn.Collins@u.edu	Professor		Mariana Hayes	Luna Ramirez	Andres Richardson	Sofia Rodriguez		"Yes, I am available at this time"	"Yes, I am available at this time"	"Yes, I am available at this time"	"Yes, I am available at this time"	"Yes, I am available at this time"	"Yes, I am available at this time"	"Yes, I am available at this time"	"Yes, I am available at this time"	
1/11/24 15:16	1/11/24 15:22	IP Address	128.218.42.48	100	342	TRUE	1/11/24 15:22	R_1JD6CA09Tlg2JX0					37.7595	-122.4367	anonymous	EN	Bella Stewart	Bella.Stewart@u.edu	Assistant Professor		Luisa Carter	Leonardo Foster	Isabella Hernandez	Leonardo Baker	Valeria Lewis	"Yes, I am available at this time"	"Yes, I am available at this time"	"Yes, I am available at this time"	"Yes, I am available at this time"	"Yes, I am available at this time"	"Yes, I am available at this time"	"Yes, I am available at this time"	"Yes, I am available at this time"	
1/15/24 14:45	1/15/24 15:04	IP Address	128.218.42.218	100	1156	TRUE	1/15/24 15:04	R_1WHIyTL8y8kx1gM					37.7595	-122.4367	anonymous	EN	Claire Sanchez	Claire.Sanchez@u.edu	Professor		Andres Hill	Vanessa Scott	Gabriel Murphy	Natalia Roberts		"Yes, I am available at this time"	"Yes, I am available at this time"	"Yes, I am available at this time"	"Yes, I am available at this time"	"No, I am NOT available at this time"	"Yes, I am available at this time"	"Yes, I am available at this time"	"No, I am NOT available at this time"	
1/15/24 13:45	1/15/24 15:17	IP Address	192.184.176.24	100	5474	TRUE	1/15/24 15:17	R_1qlAxzR6n9cFUEZ					37.7506	-122.4121	anonymous	EN	Skylar Morris	Skylar.Morris@u.edu	Professor		Samuel Evans	Cristian Wood	Vanessa Griffin	Natalia Adams										Could we have a category 'Cell Biology/Biochemistry' for students to pick next time?
1/15/24 20:15	1/15/24 20:21	IP Address	128.218.42.115	100	374	TRUE	1/15/24 20:21	R_3FPxQkNc3xM1pLY					37.7595	-122.4367	anonymous	EN	Lucy Rogers	Lucy.Rogers@u.edu	Associate Professor		Camila Davis	Andres Russell	Eduardo Brooks			"Yes, I am available at this time"	"Yes, I am available at this time"	"Yes, I am available at this time"	"Yes, I am available at this time"	"Yes, I am available at this time"	"Yes, I am available at this time"	"Yes, I am available at this time"	"Yes, I am available at this time"	The research area options that we and students have to select really don't align with how I would describe my research... I wonder if having more options might help students feel like there are more options at UCSF than are represented in that list. Just a thought...
1/15/24 22:24	1/15/24 22:32	IP Address	23.93.64.48	100	487	TRUE	1/15/24 22:32	R_6hh1NF47Uxhekpz					37.8919	-122.2636	anonymous	EN	Paisley Reed	Paisley.Reed@u.edu	Professor		Isabella Powell	Xavier Bryant	Isabella Edwards	Ximena Peterson		"Yes, I am available at this time"	"Yes, I am available at this time"	"Yes, I am available at this time"	"Yes, I am available at this time"	"Yes, I am available at this time"	"Yes, I am available at this time"	"Yes, I am available at this time"	"No, I am NOT available at this time"	
1/15/24 22:41	1/16/24 0:29	IP Address	128.218.42.199	100	6453	TRUE	1/16/24 0:29	R_5QmCQaFjDCcrlZg					37.7595	-122.4367	anonymous	EN	Everly Cook	Everly.Cook@u.edu	Professor		Sofia Rodriguez	Ximena Ford				"Yes, I am available at this time"	"Yes, I am available at this time"	"Yes, I am available at this time"	"Yes, I am available at this time"	"Yes, I am available at this time"	"Yes, I am available at this time"	"Yes, I am available at this time"	"Yes, I am available at this time"	
1/16/24 9:42	1/16/24 9:52	IP Address	128.218.42.72	100	620	TRUE	1/16/24 9:52	R_5JXWIAyQQ53mh6Q					37.7595	-122.4367	anonymous	EN	Anna Morgan	Anna.Morgan@u.edu	Associate Professor		Valeria Wallace	Valentina Adams	Victoria Watson			"No, I am NOT available at this time"	"Yes, I am available at this time"	"Yes, I am available at this time"	"Yes, I am available at this time"	"Yes, I am available at this time"	"Yes, I am available at this time"	"Yes, I am available at this time"	"Yes, I am available at this time"	
1/16/24 10:07	1/16/24 10:09	IP Address	71.235.135.24	100	148	TRUE	1/16/24 10:09	R_7Eh65sAGwBWGn5v					42.3399	-71.1245	anonymous	EN	Caroline Bell	Caroline.Bell@u.edu	Professor		Adrian Perez	Zoe King	Alejandro Allen			"Yes, I am available at this time"	"Yes, I am available at this time"	"Yes, I am available at this time"	"Yes, I am available at this time"	"No, I am NOT available at this time"	"No, I am NOT available at this time"	"No, I am NOT available at this time"	"No, I am NOT available at this time"	Thank you!
1/16/24 11:29	1/16/24 11:32	IP Address	128.218.42.6	100	171	TRUE	1/16/24 11:32	R_632t5PrnYKb85bM					37.7595	-122.4367	anonymous	EN	Genesis Murphy	Genesis.Murphy@u.edu	Associate Professor		Carmen Nelson	Gabriela Turner				"No, I am NOT available at this time"	"No, I am NOT available at this time"	"No, I am NOT available at this time"	"No, I am NOT available at this time"	"No, I am NOT available at this time"	"No, I am NOT available at this time"	"Yes, I am available at this time"	"Yes, I am available at this time"	Please feel free to match with students interested in neuroscience and development
1/16/24 11:23	1/16/24 11:44	IP Address	128.218.42.90	100	1277	TRUE	1/16/24 11:44	R_3AYfvptaDoURdSC					37.7595	-122.4367	anonymous	EN	Aaliyah Bailey	Aaliyah.Bailey@u.edu	Professor		Valentina Cook	Valentina Adams	Gabriel Murphy	Diego Campbell			"Yes, I am available at this time"	"Yes, I am available at this time"	"Yes, I am available at this time"	"Yes, I am available at this time"	"Yes, I am available at this time"	"Yes, I am available at this time"	"Yes, I am available at this time"	"One of my postdocs is a bioengineer studying organogenesis, regeneration and cancer. He is a great mentor. And he is from Iran so he knows a lot about difficulties."
1/16/24 11:55	1/16/24 11:56	IP Address	128.218.42.223	100	61	TRUE	1/16/24 11:57	R_7QFL6tb72hv21RW					37.7595	-122.4367	anonymous	EN	Kennedy Rivera	Kennedy.Rivera@u.edu	Associate Professor		Alejandro Allen	Samuel Perry	Sofia Rodriguez	Luisa Carter		"No, I am NOT available at this time"	"No, I am NOT available at this time"	"No, I am NOT available at this time"	"No, I am NOT available at this time"	"No, I am NOT available at this time"	"No, I am NOT available at this time"	"No, I am NOT available at this time"	"No, I am NOT available at this time"	
1/16/24 12:49	1/16/24 12:52	IP Address	128.218.42.33	100	125	TRUE	1/16/24 12:52	R_3LAMUCQeLhklmRZ					37.7595	-122.4367	anonymous	EN	Kinsley Cooper	Kinsley.Cooper@u.edu	Associate Professor		Isabella Powell	Miguel Mitchell	Diego Campbell	Gabriela Phillips										
1/16/24 11:44	1/16/24 13:10	IP Address	69.209.5.162	100	5175	TRUE	1/16/24 13:10	R_6J4rJerANn9ojZ6					37.7441	-122.48	anonymous	EN	Maya Richardson	Maya.Richardson@u.edu	Associate Professor		Isabella Powell	Javier Sanders	Juan Stewart	Natalia Roberts					"No, I am NOT available at this time"	"No, I am NOT available at this time"	"No, I am NOT available at this time"	"No, I am NOT available at this time"		
1/16/24 14:04	1/16/24 14:05	IP Address	128.218.42.123	100	27	TRUE	1/16/24 14:05	R_33921UXZLFqXzBw					37.7595	-122.4367	anonymous	EN	Sarah Cox	Sarah.Cox@u.edu	Associate Professor		Andres Russell	Ana Lopez	Miguel Mitchell			"Yes, I am available at this time"	"Yes, I am available at this time"	"Yes, I am available at this time"	"Yes, I am available at this time"	"No, I am NOT available at this time"	"No, I am NOT available at this time"	"No, I am NOT available at this time"	"No, I am NOT available at this time"	
1/16/24 13:52	1/16/24 14:06	IP Address	128.218.42.166	100	813	TRUE	1/16/24 14:06	R_3C1F89GoIaWDZIg					37.7595	-122.4367	anonymous	EN	Elena Howard	Elena.Howard@u.edu	Assistant Professor		Mariana Hayes	Camila Sanchez	Alejandro James	Eduardo Brooks		"Yes, I am available at this time"	"Yes, I am available at this time"	"Yes, I am available at this time"	"Yes, I am available at this time"	"Yes, I am available at this time"	"Yes, I am available at this time"	"Yes, I am available at this time"	"Yes, I am available at this time"	THANK YOU SO MUCH FOR ALL OF YOUR HARD WORK!!
1/16/24 14:12	1/16/24 14:14	IP Address	128.218.42.123	100	122	TRUE	1/16/24 14:14	R_5VwHZesMUwiXGbp					37.7595	-122.4367	anonymous	EN	Adeline Ward	Adeline.Ward@u.edu	Assistant Professor		Gabriel Green	Xavier Bryant	Cristian Wood			"Yes, I am available at this time"	"Yes, I am available at this time"	"Yes, I am available at this time"	"Yes, I am available at this time"	"Yes, I am available at this time"	"Yes, I am available at this time"	"Yes, I am available at this time"	"Yes, I am available at this time"	
1/16/24 14:26	1/16/24 14:28	IP Address	128.218.42.166	100	118	TRUE	1/16/24 14:28	R_7o5C9EsEIfSuCd2					37.7595	-122.4367	anonymous	EN	Ariana Torres	Ariana.Torres@u.edu	Assistant Professor		Cristian Wood	Carlos Gray	Victoria Young	Santiago Martinez	Ana Alexander	"Yes, I am available at this time"	"Yes, I am available at this time"	"Yes, I am available at this time"	"Yes, I am available at this time"	"Yes, I am available at this time"	"Yes, I am available at this time"	"Yes, I am available at this time"	"Yes, I am available at this time"	THANK YOU VERY MUCH FOR ALL OF YOUR HARD WORK!!
12/20/23 15:31	1/16/24 16:13	IP Address	128.218.42.67	100	2335354	TRUE	1/16/24 16:13	R_7qhcvXF4honuQAt					37.7595	-122.4367	anonymous	EN	Eliana Peterson	Eliana.Peterson@u.edu	Associate Professor		Leonardo Morgan	Juan Stewart	Vanessa Scott			"Yes, I am available at this time"	"Yes, I am available at this time"	"Yes, I am available at this time"	"Yes, I am available at this time"	"Yes, I am available at this time"	"Yes, I am available at this time"	"Yes, I am available at this time"	"Yes, I am available at this time"	
1/2/24 16:27	1/16/24 16:17	IP Address	128.218.42.141	100	1209009	TRUE	1/16/24 16:17	R_3dS5YCqz4bvtjqg					37.7595	-122.4367	anonymous	EN	Hailey Gray	Hailey.Gray@u.edu	Assistant Professor		Carlos Gray	Ana Alexander	Samuel Perry			"Yes, I am available at this time"	"Yes, I am available at this time"	"Yes, I am available at this time"	"Yes, I am available at this time"				"Yes, I am available at this time"	
1/16/24 16:23	1/16/24 16:25	IP Address	97.141.67.48	100	139	TRUE	1/16/24 16:25	R_6n7nMl1w05TEMxP					34.0772	-117.4506	anonymous	EN	Gabriella Ramirez	Gabriella.Ramirez@u.edu	Associate Professor		Emilio Walker	Natalia Henderson	Javier Baker	Daniel Howard		"Yes, I am available at this time"	"Yes, I am available at this time"	"Yes, I am available at this time"	"Yes, I am available at this time"	"Yes, I am available at this time"	"Yes, I am available at this time"	"Yes, I am available at this time"	"No, I am NOT available at this time"	
1/16/24 13:29	1/16/24 17:41	IP Address	128.218.42.92	100	15171	TRUE	1/16/24 17:41	R_69mJ6zE6CxlkwOo					37.7595	-122.4367	anonymous	EN	Alice James	Alice.James@u.edu	Associate Professor		Andres Russell	Ximena Peterson	Mariana Hayes			"Yes, I am available at this time"	"Yes, I am available at this time"	"Yes, I am available at this time"	"Yes, I am available at this time"	"Yes, I am available at this time"	"Yes, I am available at this time"	"Yes, I am available at this time"	"Yes, I am available at this time"	
1/16/24 21:54	1/16/24 21:58	IP Address	107.217.189.90	100	211	TRUE	1/16/24 21:58	R_7RNSHsMVIbjW0Nb					37.7562	-122.4866	anonymous	EN	Madelyn Watson	Madelyn.Watson@u.edu	Professor		Eduardo Hernandez	Daniel Howard	Sebastian Phillips	Carmen Bennett	Eduardo Brooks	"Yes, I am available at this time"	"Yes, I am available at this time"	"Yes, I am available at this time"	"Yes, I am available at this time"	"Yes, I am available at this time"	"Yes, I am available at this time"	"Yes, I am available at this time"	"No, I am NOT available at this time"	
1/16/24 15:46	1/16/24 23:07	IP Address	157.131.187.69	100	26426	TRUE	1/16/24 23:07	R_3xReqsxfKy7rlbr					37.7562	-122.4866	anonymous	EN	Cora Brooks	Cora.Brooks@u.edu	Assistant Professor		Mateo Lopez	Mariana Hayes	Diego Campbell	Ana Cooper		"Yes, I am available at this time"	"Yes, I am available at this time"	"Yes, I am available at this time"	"Yes, I am available at this time"	"Yes, I am available at this time"	"Yes, I am available at this time"	"Yes, I am available at this time"	"Yes, I am available at this time"	
12/19/23 16:33	1/17/24 9:45	IP Address	128.218.42.127	100	2481099	TRUE	1/17/24 9:45	R_7zHbsLkoGce3jH3					37.7595	-122.4367	anonymous	EN	Ruby Kelly	Ruby.Kelly@u.edu	Assistant Professor		Valeria Wallace	Mariana Ward				"Yes, I am available at this time"	"Yes, I am available at this time"	"Yes, I am available at this time"	"Yes, I am available at this time"	"Yes, I am available at this time"	"Yes, I am available at this time"	"Yes, I am available at this time"	"Yes, I am available at this time"	
1/17/24 11:13	1/17/24 11:15	IP Address	128.218.42.232	100	122	TRUE	1/17/24 11:15	R_7RrwUSlqqQuTCGX					37.7595	-122.4367	anonymous	EN	Eva Sanders	Eva.Sanders@u.edu	Associate Professor		Andrea Reed	Zoe Kelly	Vanessa Griffin	Carlos Gray		"No, I am NOT available at this time"	"Yes, I am available at this time"	"Yes, I am available at this time"	"Yes, I am available at this time"	"Yes, I am available at this time"	"Yes, I am available at this time"	"Yes, I am available at this time"	"Yes, I am available at this time"	
1/17/24 11:19	1/17/24 11:24	IP Address	128.218.42.232	100	302	TRUE	1/17/24 11:24	R_59b5GvDXm45rUqj					37.7595	-122.4367	anonymous	EN	Serenity Price	Serenity.Price@u.edu	Associate Professor		Sofia Rodriguez	Alejandro Wilson	Gabriel Green			"No, I am NOT available at this time"	"Yes, I am available at this time"	"Yes, I am available at this time"	"Yes, I am available at this time"	"Yes, I am available at this time"	"Yes, I am available at this time"	"Yes, I am available at this time"	"Yes, I am available at this time"	I submitted 2 surveys. There is a total of 6-7 applicants that would match our lab interests. 
12/21/23 12:19	1/17/24 16:26	IP Address	128.218.42.5	100	2347594	TRUE	1/17/24 16:26	R_6tKGzglZvCLBeZD					37.7595	-122.4367	anonymous	EN	Autumn Bennett	Autumn.Bennett@u.edu	Associate Professor		Mariana Ward	Samuel Perry	Mariana Perez	Juan Stewart	Valeria Bell	"Yes, I am available at this time"	"Yes, I am available at this time"	"Yes, I am available at this time"	"Yes, I am available at this time"	"Yes, I am available at this time"	"Yes, I am available at this time"	"Yes, I am available at this time"	"Yes, I am available at this time"	Apologies for the late response!